"gene","percentage","focus","anno","end_angle","start_angle","mid_angle","legend"
"HRAS",0.4,0,NA,0.0251327412287183,0,0.0125663706143592,"HRAS (0.4%)"
"NRAS",0.4,0,NA,0.0502654824574367,0.0251327412287183,0.0376991118430775,"NRAS (0.4%)"
"RET fusion",0.9,0,NA,0.106814150222053,0.0502654824574367,0.0785398163397448,"RET fusion (0.9%)"
"MAP2K1",0.9,0,NA,0.163362817986669,0.106814150222053,0.135088484104361,"MAP2K1 (0.9%)"
"ROS1 fusion",1.7,0,NA,0.270176968208722,0.163362817986669,0.216769893097696,"ROS1 fusion (1.7%)"
"ERBB2",1.7,0,NA,0.376991118430775,0.270176968208722,0.323584043319749,"ERBB2 (1.7%)"
"ALK fusion",1.3,0,NA,0.45867252742411,0.376991118430775,0.417831822927442,"ALK fusion (1.3%)"
"MET ex14",4.3,0,NA,0.728849495632832,0.45867252742411,0.593761011528471,"MET ex14 (4.3%)"
"BRAF",7,0,"BRAF
(7.0%)",1.1686724671354,0.728849495632832,0.948760981384118,"BRAF (7%)"
"EGFR",11.3,0,"EGFR
(11.3%)",1.8786724068467,1.1686724671354,1.52367243699105,"EGFR (11.3%)"
"KRAS",32.2,0,"KRAS
(32.2%)",3.90185807575852,1.8786724068467,2.89026524130261,"KRAS (32.2%)"
"None",24.4,0,"None
(24.4%)",5.43495529071034,3.90185807575852,4.66840668323443,"None (24.4%)"
"RIT1",2.2,0.2,NA,5.57318536746829,5.43495529071034,5.50407032908932,"RIT1 (2.2%)"
"ERBB2 amp",0.9,0.2,NA,5.62973403523291,5.57318536746829,5.6014597013506,"ERBB2 amp (0.9%)"
"MET amp",2.2,0.2,NA,5.76796411199086,5.62973403523291,5.69884907361188,"MET amp (2.2%)"
"NF1",8.3,0.2,"NF1
(8.3%)",6.28946849248677,5.76796411199086,6.02871630223881,"NF1 (8.3%)"
